reel_url,comment_number,comment_text
https://www.instagram.com/reel/DNKo_RTIG4e/,1,"Thanks me later for this amazingggg recipe😋💅
.
Recipe puri bata hi di hai tou Im not writing here again💃
.
Follow for more such content😌
.
[brownies, brownies recipe, easy brownies recipe, chocolate brownie, chocolate brownie recipe, how to make brownies]
."
https://www.instagram.com/reel/DNKo_RTIG4e/,2,"Wore a saari? Say less 😝
-
#algorithm #relatable #reelstab #fyp #humour"
https://www.instagram.com/reel/DNKo_RTIG4e/,3,Ep 1 on why dad and I can’t have a real conversation!
https://www.instagram.com/reel/DNKo_RTIG4e/,4,"inherited the best from his father😭😭🙏🏻
(hateful comments will be deleted immediately)!!"
https://www.instagram.com/reel/DNKo_RTIG4e/,5,"Eid Mubarak y’all 🫶

Funny . Cousins. Baqra eid ."
https://www.instagram.com/reel/DNKo_RTIG4e/,6,This smash burger is pure love at first bite🍔✨#smashburger #burgerlove #homemadeburger #foodreels #reelitfeelit
https://www.instagram.com/reel/DNKo_RTIG4e/,7,"Badi khala vs choti khala 😂
.
.
#trending #viral #babygirl #foryoupage"
https://www.instagram.com/reel/DNKo_RTIG4e/,8,The compliment i gets the most😍
https://www.instagram.com/reel/DNKo_RTIG4e/,9,"Something unscripted 😂😂

#prank #viral #comedy #pranked #prankgonewrong

[ real , candid , viral , prank videos , unscripted content , comedy , trending , funny , relatable , lol ]"
https://www.instagram.com/reel/DNKo_RTIG4e/,10,Ammi Kabhi Apni Ghalti Accept Nahi Karte 😬😂….
https://www.instagram.com/reel/DNKo_RTIG4e/,11,"Water proofing
#Water proofing#saqipaints #paint #housepainting"
https://www.instagram.com/reel/DEAQGXgolTr/,1,Absolutely no shame whatsoever…just munching on them in front of me 🍓
https://www.instagram.com/reel/DEAQGXgolTr/,2,"Bhuna Gosht🤤
(Save this recipe for Eid)"
https://www.instagram.com/reel/DEAQGXgolTr/,3,"Cooking for him >>> everything else 🤍🍳

#CookingReels #FoodieLove #HomeCooking #EasyRecipes #FoodInspo

cooking for him, love language, homemade meals, recipe reel, food content creator, easy cooking, comfort food, kitchen vibes, foodie couple, viral food reels"
https://www.instagram.com/reel/DEAQGXgolTr/,4,"Quenching a thirst, earning a blessing🤍
.
.
.
.
.
."
https://www.instagram.com/reel/DEAQGXgolTr/,5,"Relatable??😁.
.
.
."
https://www.instagram.com/reel/DEAQGXgolTr/,6,Ab ek maa Kia hi Kare 😂🥹
https://www.instagram.com/reel/DEAQGXgolTr/,7,"Who do you think will cry the most? Wait till the end🥺

#wedding #shadi #bride #rukhsati #family"
https://www.instagram.com/reel/DEAQGXgolTr/,8,"He made my European dream come true😍🥹❤️ 30days - 8 countries😍 share this with your +1
.
[travel couple transition , married life, couple Europe travel, Italy, Paris, France, Amsterdam, Belgium, Austria, Switzerland]"
https://www.instagram.com/reel/DEAQGXgolTr/,9,"The heatwave has me craving nothing but mango sago

full recipe is on my blog, just search for “mango” on my site - www.ashulovestocook.com - link is also in my bio"
https://www.instagram.com/reel/DEAQGXgolTr/,10,"I’m a multi-tasker: I can waste time, be unproductive, and procrastinate all at once. 👀"
https://www.instagram.com/reel/DEAQGXgolTr/,11,Aaj sach btana parega sabko @aroob_jatoi 😔
https://www.instagram.com/reel/DEAQGXgolTr/,12,"Something unscripted 😂😂

#prank #viral #comedy #pranked #prankgonewrong

[ real , candid , viral , prank videos , unscripted content , comedy , trending , funny , relatable , lol ]"
https://www.instagram.com/p/DEP6qhuoE8P/,1,"December 31, 2024"
https://www.instagram.com/p/DEP6qhuoE8P/,2,More posts from sozal_foods
https://www.instagram.com/reel/DE7o_rBolMe/,1,"Is thand mein ap bhi thandi thandi @sweetcreme.pk khaye☺️☺️
.
#fypシ❤️💞❤️ #foodreels #viralreels"
https://www.instagram.com/reel/DE7o_rBolMe/,2,42 million views😍😍
https://www.instagram.com/reel/DE7o_rBolMe/,3,"Bhuna Gosht🤤
(Save this recipe for Eid)"
https://www.instagram.com/reel/DE7o_rBolMe/,4,"Cooking for him >>> everything else 🤍🍳

#CookingReels #FoodieLove #HomeCooking #EasyRecipes #FoodInspo

cooking for him, love language, homemade meals, recipe reel, food content creator, easy cooking, comfort food, kitchen vibes, foodie couple, viral food reels"
https://www.instagram.com/reel/DE7o_rBolMe/,5,"The heatwave has me craving nothing but mango sago

full recipe is on my blog, just search for “mango” on my site - www.ashulovestocook.com - link is also in my bio"
https://www.instagram.com/reel/DE7o_rBolMe/,6,"Who do you think will cry the most? Wait till the end🥺

#wedding #shadi #bride #rukhsati #family"
https://www.instagram.com/reel/DE7o_rBolMe/,7,"Chicken patty Burgers✨
Cast iron pan @kruciblekitchen

#chickenpattyburger #grilledpattyburger"
https://www.instagram.com/reel/DE7o_rBolMe/,8,Salam Ya Hussain (as)
https://www.instagram.com/reel/DE7o_rBolMe/,9,My new iPhone 🪦🥹
https://www.instagram.com/reel/DE7o_rBolMe/,10,"Tag your love 🫶🏻🤌🏻 #hubushh
.
.
."
https://www.instagram.com/reel/DE7o_rBolMe/,11,"Mera bacha May Allah give you the most beautiful life ahead 🌼
.
."
https://www.instagram.com/reel/DE7o_rBolMe/,12,Guess Yeh Love Marriage Hai Ya Arrange Marriage? 🤣
https://www.instagram.com/reel/DFnAh5HImd3/,1,"Dawatttt🥗🍱🥘🤍
.
#foodreels #viralreels #cooking #viralvideos #foodblogger #trending #foodie #fypシ❤️💞❤️"
https://www.instagram.com/reel/DFnAh5HImd3/,2,A midnight (or 3am) SURPRISE setting up & giving my daughter 16 gifts the night before her sweet 16th birthday 😭 Insane to think she’s almost the age that I had her 🥺
https://www.instagram.com/reel/DFnAh5HImd3/,3,Chatkhara Chicken 🤤
https://www.instagram.com/reel/DFnAh5HImd3/,4,"Something unscripted 😂😂

#prank #viral #comedy #pranked #prankgonewrong

[ real , candid , viral , prank videos , unscripted content , comedy , trending , funny , relatable , lol ]"
https://www.instagram.com/reel/DFnAh5HImd3/,5,"All well 👍🏻
.
.
.
.
.
.
."
https://www.instagram.com/reel/DFnAh5HImd3/,6,"He made my European dream come true😍🥹❤️ 30days - 8 countries😍 share this with your +1
.
[travel couple transition , married life, couple Europe travel, Italy, Paris, France, Amsterdam, Belgium, Austria, Switzerland]"
https://www.instagram.com/reel/DFnAh5HImd3/,7,"Karan aujla ❤️

Decor @fceventsofficial"
https://www.instagram.com/reel/DFnAh5HImd3/,8,"Rajasthani besan pyaaz paratha 😋💯

Follow @safwans.kitchen for more recipes !✨"
https://www.instagram.com/reel/DFnAh5HImd3/,9,Just believe in your man. #theghate #fx #forex #trading
https://www.instagram.com/reel/DFnAh5HImd3/,10,"Made with love, eaten with zero regret 🍔🍟✨ @dawn_foods

.
.
.
.
.
."
https://www.instagram.com/p/DG0HCu9ozKR/,1,"March 5, 2025"
https://www.instagram.com/p/DG0HCu9ozKR/,2,More posts from sozal_foods
https://www.instagram.com/reel/DHDplYQonBG/,1,"Beautiful lace details that add charm and elegance to any outfit ✨🧵
#LaceDesign #SewingReel #FashionDIY #DressDesign #SewingIdeas"
https://www.instagram.com/reel/DHDplYQonBG/,2,"Ultimate happiness 🏔️ Location 👇🏼

This is 📍 @chaletmirabell Located in the Italian Dolomites.

Save this for the your next trip to Italy"
https://www.instagram.com/reel/DHDplYQonBG/,3,"Sab khareed rahe the,main kaise peeche rehti 😬😝

Matchstick lighter, viral find, trending"
https://www.instagram.com/reel/DHDplYQonBG/,4,Why? 😭
https://www.instagram.com/reel/DHDplYQonBG/,5,"There’s a possibility of inspiring her tho 💅
Typo error: who’s*"
https://www.instagram.com/reel/DHDplYQonBG/,6,"Alhumdullilah 🫠❤️
Js a student will make her mumma proud one day inshallah 🌹"
https://www.instagram.com/reel/DHDplYQonBG/,7,"Garlic Creamy Pasta 🍝
Oil , Butter, Chopped Garlic , chilli flakes, salt, black pepper, pasta 1 cup, milk 1 cup, water 1 cup, cream , cheese, top with oregano leaves/ mixed herbs/ coriander"
https://www.instagram.com/reel/DHqT8e0IoCC/,1,"Re-uploading the Garmi song 🫠

#arzzuuuuu #arzufatima #garmi #fyp #trending"
https://www.instagram.com/reel/DHqT8e0IoCC/,2,"Pyaz Vada
Follow @nirrmla.nehhra for more videos✨
.
.
.
.
.
."
https://www.instagram.com/reel/DHqT8e0IoCC/,3,"Sharing food is our love language 🫠🥹✨

Trending Reels Husband Wife Humour Pakistan"
https://www.instagram.com/reel/DHqT8e0IoCC/,4,Aaj sach btana parega sabko @aroob_jatoi 😔
https://www.instagram.com/reel/DHqT8e0IoCC/,5,"The Family Star (2024) 🎬
… more"
https://www.instagram.com/reel/DHqT8e0IoCC/,6,"Relatable??😁.
.
.
."
https://www.instagram.com/reel/DHqT8e0IoCC/,7,"I’m a multi-tasker: I can waste time, be unproductive, and procrastinate all at once. 👀"
https://www.instagram.com/reel/DHqT8e0IoCC/,8,"One call away.. always📞
#bairan #explore #viralreels #bff #instareels"
https://www.instagram.com/reel/DHqT8e0IoCC/,9,This is blessing 🫠❤️#viral #foryou #public #trendingreels #foryou
https://www.instagram.com/reel/DHqT8e0IoCC/,10,"Sab khareed rahe the,main kaise peeche rehti 😬😝

Matchstick lighter, viral find, trending"
https://www.instagram.com/reel/DHqT8e0IoCC/,11,"Aaj ke baad bacha icecream ni khayega

#prank #viral #comedy #pranked #prankgonewrong

[ real , candid , viral , prank videos , unscripted content , comedy , trending , funny , relatable , lol , kids prank online comedy , kids funny video , comedy prank , laughter , funny video , trending pranks , trend , fyp ]"
https://www.instagram.com/reel/DIYpQU4IX0r/,1,And he broke my heart 💔🥀
https://www.instagram.com/reel/DIYpQU4IX0r/,2,"Beautiful lace details that add charm and elegance to any outfit ✨🧵
#LaceDesign #SewingReel #FashionDIY #DressDesign #SewingIdeas"
https://www.instagram.com/reel/DIYpQU4IX0r/,3,"Ultimate happiness 🏔️ Location 👇🏼

This is 📍 @chaletmirabell Located in the Italian Dolomites.

Save this for the your next trip to Italy"
https://www.instagram.com/reel/DIYpQU4IX0r/,4,"Did someone say strawberry matcha this Eid?🍓🍵

👗: @kaida.pk"
https://www.instagram.com/reel/DIYpQU4IX0r/,5,"Viral crunchy Matilda cake😋
Chocolate +crunch=❤️

#matildacake🍫 #trendingreels♥️"
https://www.instagram.com/reel/DIYpQU4IX0r/,6,This fruit is quietly taking over Pakistan… and most people haven’t noticed yet. #papaya #avacado #dragonfruit #punjab #farmlife
https://www.instagram.com/reel/DIYpQU4IX0r/,7,"@zouqesaeed Lahore’s ultimate desi spot 🔥They have the bestt CHEESE KABABS in Lahore, I must say super juicy, cheesy & absolutely yum pum🤤

📍234 A3 Gurumangat road Gulberg 3, Lahore.

What I tried:
•Cheese Kabab — Rs 1655/-
•Cheese Naan - Rs 715/-
•ZQ Special Handi — Rs 2250/-
•Peach Power — Rs 355/-"
https://www.instagram.com/reel/DIYpQU4IX0r/,8,I wonder if she wanted to be a pilot or a fashion designer when she was a kid too 😔
https://www.instagram.com/reel/DIYpQU4IX0r/,9,"We specialize in custom design and make each ring exactly to our clients’ preferences 🫶

What would you want to custom make? 🥰

💌 DM us to start yours 💍
📍 Huntington Beach, CA
🫶 Family owned engagement ring & custom jewelry specialists"
https://www.instagram.com/reel/DJd-qqUIPFT/,1,"What should I try next guys??? (Mery dimagh mein is wqt kuch nhi hai aplog hi bata do😌💅)
.
🥪: (square zesty habanero sandwich)
."
https://www.instagram.com/reel/DJd-qqUIPFT/,2,Order now and make your Nikah look unforgettable..💗 Handcrafted and customised outfit.
https://www.instagram.com/reel/DJd-qqUIPFT/,3,"FASTER THAN 2 minute MAGGIE

#viralreels #reelsinstagram #viral #fun #newbeginnings"
https://www.instagram.com/reel/DJd-qqUIPFT/,4,"quick, creamy, no-bake, and way too addictive 🥭☁️ the easiest mango dessert ever"
https://www.instagram.com/reel/DJd-qqUIPFT/,5,"Fashion thesis (Nocturnal bloom)

#fashion #thesis #fashiondesign #explore #trending
(Fashion, fashionable,fashion design, fashion student, fashion art, fashion is a walking art)"
https://www.instagram.com/reel/DJd-qqUIPFT/,6,"Rich in energy, protein & healthy fats 🥔🥚

creamy and nutritious mix supports your baby’s healthy growth and development while providing essential nutrients for little growing bodies. 🤍"
https://www.instagram.com/reel/DJd-qqUIPFT/,7,Puppy Filed a Complaint Against the Baby 😂🐶
https://www.instagram.com/reel/DJd-qqUIPFT/,8,"Stay connected for lots of travel itineraries🤍

Follow for more fun content before this reel gets lost on your feed

DM for Wedding content creation-

more list chaos every monday. new follower? join my broadcast travel list🤍"
https://www.instagram.com/reel/DJd-qqUIPFT/,9,"#ad This kitchen find has made meal prep a breeze! It makes cutting fries and veggies so quick and easy. 🥔🥕

code: kkn9255
link: https://app.temu.com/k/pec3kxenv4p
T&Cs apply."
https://www.instagram.com/reel/DJd-qqUIPFT/,10,"A girly girls dream

#europe #travel #girlstrip #shopping #haul"
https://www.instagram.com/reel/DJd-qqUIPFT/,11,"Snack time sorted 🤤🥪
.
.
.
."
https://www.instagram.com/reel/DJd-qqUIPFT/,12,"Instagram is free. The consequences are not 💰
#sasharjun"
https://www.instagram.com/reel/DJd-qqUIPFT/,13,"@storyofdeli ❤︎ if you are in your 30s & you don’t have kids let’s find each other🫶
.
."
https://www.instagram.com/reel/DJd-qqUIPFT/,14,"The only place I want to be at the end of the day, knowing our baby girl is sound asleep too. 🥹❤️ #marriage #couples #couplegoals #love #fyp"
https://www.instagram.com/reel/DKtoCG6I4LT/,1,"Aplogo ny Kia khaya tha???🐐🐄
.
[Eid, Eid Mubarak, Eid-ul-azha, bakra Eid, what I eat in a day, what I ate on Eid, biryani, kebab, shahi tukrey, maggi, pasta, chicken pasta, lava cake]
."
https://www.instagram.com/reel/DKtoCG6I4LT/,2,8M views Chicken spaghetti recipe
https://www.instagram.com/reel/DKtoCG6I4LT/,3,Kidhar chalay??? @raza_naqviii
https://www.instagram.com/reel/DKtoCG6I4LT/,4,"Fashion thesis (Nocturnal bloom)

#fashion #thesis #fashiondesign #explore #trending
(Fashion, fashionable,fashion design, fashion student, fashion art, fashion is a walking art)"
https://www.instagram.com/reel/DKtoCG6I4LT/,5,"Yearly flex of homegrown litchis ….

Litchis, lycheee , summer , homegrown, organic, farming , fruit , pookie fruit , trending, viral , fyp , homeproduce , juicy, explore , foryou"
https://www.instagram.com/reel/DKtoCG6I4LT/,6,"Stay connected for lots of travel itineraries🤍

Follow for more fun content before this reel gets lost on your feed

DM for Wedding content creation-

more list chaos every monday. new follower? join my broadcast travel list🤍"
https://www.instagram.com/reel/DKtoCG6I4LT/,7,"chicken cheese sliders 🍔
.
.
.
."
https://www.instagram.com/reel/DKtoCG6I4LT/,8,Always 😭😂 #momlife #momrelatable #relatable #motherhood #funnycontent
https://www.instagram.com/reel/DKtoCG6I4LT/,9,"Somethings never change
#relationship #girlfriend #ex couple"
https://www.instagram.com/reel/DKtoCG6I4LT/,10,"Instagram is free. The consequences are not 💰
#sasharjun"
https://www.instagram.com/reel/DKtoCG6I4LT/,11,"Shami kebab, simple ingredients, homemade spices and full of flavors👩‍🍳

➡️Here’s the full recipe on demand💁🏻‍♀️
➡️follow for more easy and delicious recipes👩‍🍳
.
.
."
https://www.instagram.com/reel/DKtoCG6I4LT/,12,"How are they gonna make a turn? 😭😭
.
< DAY 036/365 >
."
https://www.instagram.com/reel/DLJ9-WbIUN_/,1,"Which team are you in???
@pizzamaxpk
Order:
Chicken pasta (Regular) Rs. 500
Lava cake Rs. 350

I ordered from
Total Amount with drink and delivery charges Rs. 1160
.
[chicken pasta, pasta, cheese, chicken, chicken pasta review, pizza max, pizza max pasta, pizza max chicken pasta, pizza max lava cake, lava cake, lava cake review]
."
https://www.instagram.com/reel/DLJ9-WbIUN_/,2,#reels
https://www.instagram.com/reel/DLJ9-WbIUN_/,3,Thanks 4 asking yr
https://www.instagram.com/reel/DLJ9-WbIUN_/,4,"Nothing heals like a slow walk on a misty road in the monsoon 🌧️🌿
.
.
.
🚫No repost allowed 🚫"
https://www.instagram.com/reel/DLJ9-WbIUN_/,5,"it’s not makeup ✨

#skin #skincare #skincareroutine #asmr #skingoals"
https://www.instagram.com/reel/DLJ9-WbIUN_/,6,"Take notes everyone 😂🤓🤭

.
.



(Funny couple video | Couple content India | Indian couple creators | Cute couple moments | Relationship goals"
https://www.instagram.com/reel/DLJ9-WbIUN_/,7,"Oh she was so mad in the end🤣🤣🤣🤣

#familyfun #familylove #familychallenge #viral #trending"
https://www.instagram.com/reel/DLJ9-WbIUN_/,8,cheese maggi viral #yummyrecipes #1millionviews #virelvideo #🤤🤤
https://www.instagram.com/reel/DLJ9-WbIUN_/,9,"Fell in Lovee Mate ❤️
.
.
#funnyreels #comedyvideos #vinewali"
https://www.instagram.com/reel/DLJ9-WbIUN_/,10,"@storyofdeli ❤︎ if you are in your 30s & you don’t have kids let’s find each other🫶
.
."
https://www.instagram.com/reel/DLzTzT0oTrB/,1,Ab ek maa Kia hi Kare 😂🥹
https://www.instagram.com/reel/DLzTzT0oTrB/,2,"✨ The kind of pink that dreams are made of.

💕 Whimsical, romantic, and unmistakably SA."
https://www.instagram.com/reel/DLzTzT0oTrB/,3,8M views Chicken spaghetti recipe
https://www.instagram.com/reel/DLzTzT0oTrB/,4,"Blaming my husband for plans I never wanted to attend anyway 😂❤️

[ couple goals trending reel ideas insta reels couple comedy relatable ]"
https://www.instagram.com/reel/DLzTzT0oTrB/,5,"This smash burger turned out way too good not to share🍔🤌🏻You’ll be looking for this recipe later… might as well save it now🤤
#Smashburger #beefburger #fyp #trending"
https://www.instagram.com/reel/DLzTzT0oTrB/,6,"They say ""Convocation is for your Parents"" and They are Right ❤️🎓🧿✨"
https://www.instagram.com/reel/DLzTzT0oTrB/,7,"I’m so sure thats so many of us😅
Tag your partner in the comments below.

#trend #borat #couplecomedy #couplelove❤️

( men dancing meme, borat dancing , funny couple reel, relatable couple reel, couple reel, couple comedy, couple fun, indian couple , entertainment, trend )"
https://www.instagram.com/reel/DLzTzT0oTrB/,8,"Nothing heals like a slow walk on a misty road in the monsoon 🌧️🌿
.
.
.
🚫No repost allowed 🚫"
https://www.instagram.com/reel/DLzTzT0oTrB/,9,Thanks 4 asking yr
https://www.instagram.com/reel/DLzTzT0oTrB/,10,"Okayyy cuties 🥰🎀
@henna_by_khansisters
#reels #fyp #henna"
https://www.instagram.com/reel/DMkMpagMMmW/,1,"Don’t worry I work a lot🙂 bs Dekha nhi sakti woh💀
.
[internship, internship vlog, a day in my life, vlogs]
."
https://www.instagram.com/reel/DMkMpagMMmW/,2,Fit check 💅🏻
https://www.instagram.com/reel/DMkMpagMMmW/,3,Albaik 🤤
https://www.instagram.com/reel/DMkMpagMMmW/,4,"BAs ghoom ghoom❤️🥀

💄 @sanasarahssaloon
💎@divine_jewels.official
Styled By 🫶🏻"
https://www.instagram.com/reel/DMkMpagMMmW/,5,"because they’re never meant as compliments or virtues, but always to fit us in a box that is too small for our ambitions and capabilities >>>"
https://www.instagram.com/reel/DMkMpagMMmW/,6,"Dropping a bomb of cuteness!

#aarzookhurana #aarzookhuranaphotography"
https://www.instagram.com/reel/DMkMpagMMmW/,7,"Lets make Lotus Cheesecake at home. Good thing is that k ye larke b bna skte because isme no baking is required.

All the ingredients used are mentioned in the video!
Let me know agr koi mistake thi!"
https://www.instagram.com/reel/DMkMpagMMmW/,8,"Nothing heals like a slow walk on a misty road in the monsoon 🌧️🌿
.
.
.
🚫No repost allowed 🚫"
https://www.instagram.com/reel/DMkMpagMMmW/,9,Masha Allah♥️🥹
https://www.instagram.com/reel/DMkMpagMMmW/,10,"it’s not makeup ✨

#skin #skincare #skincareroutine #asmr #skingoals"
https://www.instagram.com/reel/DMkMpagMMmW/,11,W.A.S brother 👦
https://www.instagram.com/reel/DOQegflCBSx/,1,"I have literally the bestttt ami😌🫶
.
Ingredients:
3 cup maida
1/2 cup sugar
1 tbsp yeast
1 egg
1 cup milk
2 tbsp warm water
1/4 cup oil
1 cup Chocolate
5 tbsp cream
1 tbsp oil
.
[donuts, how to make donuts,donuts easy recipe, chocolate donuts]
."
https://www.instagram.com/reel/DOQegflCBSx/,2,"Oh she was so mad in the end🤣🤣🤣🤣

#familyfun #familylove #familychallenge #viral #trending"
https://www.instagram.com/reel/DOQegflCBSx/,3,"Chicken gola kabab

Ingredients
1 kg chicken keema
2 onions
2 green chillies
Garlic & garlic
2 tablespoons gram flour
1 tablespoon salt
1 taps chilli
1 teaspoon methi
1 teaspoon coriander powder
1 teaspoon cumin seeds

Cook on grill until golden brown
Then cook on grill pan for 5 minutes

Enjoy theses delicious gola kabab"
https://www.instagram.com/reel/DOQegflCBSx/,4,"Nothing heals like a slow walk on a misty road in the monsoon 🌧️🌿
.
.
.
🚫No repost allowed 🚫"
https://www.instagram.com/reel/DOQegflCBSx/,5,Ab ek maa Kia hi Kare 😂🥹
https://www.instagram.com/reel/DOQegflCBSx/,6,"FASTER THAN 2 minute MAGGIE

#viralreels #reelsinstagram #viral #fun #newbeginnings"
https://www.instagram.com/reel/DOQegflCBSx/,7,"quick, creamy, no-bake, and way too addictive 🥭☁️ the easiest mango dessert ever"
https://www.instagram.com/reel/DOQegflCBSx/,8,#explorepage #fyp #hoomedecor
https://www.instagram.com/reel/DOQegflCBSx/,9,#haleem #muharram #foryou #virals
https://www.instagram.com/reel/DOQegflCBSx/,10,"The only place I want to be at the end of the day, knowing our baby girl is sound asleep too. 🥹❤️ #marriage #couples #couplegoals #love #fyp"
https://www.instagram.com/reel/DOQegflCBSx/,11,"ALHUMDULILLAH for everything ❤️
First international tour ✈️
#husband #wife #comedia #couple #2026"
https://www.instagram.com/reel/DOQegflCBSx/,12,"Chicken malai Boti handi🤤

#cooking #recipe #recipes #foryoupage❤️❤️ #fypシ゚viral fry foryo TikTokFood chutney Food foryoupage❤️❤️ outdoorcooking"
https://www.instagram.com/reel/DOQegflCBSx/,13,"12th walo be ready for this!!!😅

#instagramreels #couplereels #viral #trending"
https://www.instagram.com/reel/DP6YYJ2iLDi/,1,"They turned out sooo good🤤
.
Il out right now will write the ingredients here laterrrrrr!!!
.
[churros , churros recipe, easy recipes]
."
https://www.instagram.com/reel/DP6YYJ2iLDi/,2,"Thank you 11.4M views

#krishnalove #krishna #vrindavan #instafamily #naina_chaudhary00"
https://www.instagram.com/reel/DP6YYJ2iLDi/,3,"Crispy & Crunchy Chicken Cones🫶🏻🤍

.

.

.

.

.

(chicken cones, crispy chicken cones, chicken appetizer, party snack, fried chicken cones, easy chicken recipe, chicken starter, easy recipe)

.

."
https://www.instagram.com/reel/DP6YYJ2iLDi/,4,"because they’re never meant as compliments or virtues, but always to fit us in a box that is too small for our ambitions and capabilities >>>"
https://www.instagram.com/reel/DP6YYJ2iLDi/,5,Happy Father’s Day Papa 🌷🤍
https://www.instagram.com/reel/DP6YYJ2iLDi/,6,Absolutely no shame whatsoever…just munching on them in front of me 🍓
https://www.instagram.com/reel/DP6YYJ2iLDi/,7,Cheeseburger Hot Pocket 🍔
https://www.instagram.com/reel/DP6YYJ2iLDi/,8,"Girls in a relationship be like…
(Parellel universe)
.
.
.
.
.
.
.
(Relatable relationship memes funny memes food jokes starving funny reel girls mood swings fight in a relationship boy memes relatable text post explore reality check sigma green flags)"
https://www.instagram.com/reel/DP6YYJ2iLDi/,9,Piya ghar aya♥️
https://www.instagram.com/reel/DP6YYJ2iLDi/,10,"Dropping a bomb of cuteness!

#aarzookhurana #aarzookhuranaphotography"
https://www.instagram.com/reel/DP6YYJ2iLDi/,11,"#ad This kitchen find has made meal prep a breeze! It makes cutting fries and veggies so quick and easy. 🥔🥕

code: kkn9255
link: https://app.temu.com/k/pec3kxenv4p
T&Cs apply."
https://www.instagram.com/reel/DP6YYJ2iLDi/,12,"Rich in energy, protein & healthy fats 🥔🥚

creamy and nutritious mix supports your baby’s healthy growth and development while providing essential nutrients for little growing bodies. 🤍"
https://www.instagram.com/reel/DSzwhp_CBJQ/,1,"Sharam se baat ho gayi, vo nahi aayegi 😂😎

#itsshivapari #tagyourpatner💍🌍♥️"
https://www.instagram.com/reel/DSzwhp_CBJQ/,2,Albaik 🤤
https://www.instagram.com/reel/DSzwhp_CBJQ/,3,True lol
https://www.instagram.com/reel/DSzwhp_CBJQ/,4,Fit check 💅🏻
https://www.instagram.com/reel/DSzwhp_CBJQ/,5,"Mirchi wala paratha

#foodfeed #viralrecipe #funnyfood #foodreels #fbreels"
https://www.instagram.com/reel/DSzwhp_CBJQ/,6,"it’s not makeup ✨

#skin #skincare #skincareroutine #asmr #skingoals"
https://www.instagram.com/reel/DSzwhp_CBJQ/,7,"This smash burger turned out way too good not to share🍔🤌🏻You’ll be looking for this recipe later… might as well save it now🤤
#Smashburger #beefburger #fyp #trending"
https://www.instagram.com/reel/DSzwhp_CBJQ/,8,"Kala to gora day 36/75 😭 !!
#reelkarofeelkaro #explorepage #viral #trending #skincare"
https://www.instagram.com/reel/DSzwhp_CBJQ/,9,Happy Father’s Day Papa 🌷🤍
https://www.instagram.com/reel/DSzwhp_CBJQ/,10,"...
Elegance in every pleat ✨
#explorepage #trending #fyyyyyyy"
https://www.instagram.com/reel/DSzwhp_CBJQ/,11,"✨ Midnight Craving Maggi 🍜🌙🔥

📝 Ingredients:
• Maggi cake
• Maggi masala
• Schezwan sauce 🌶️
• Milk
• Heavy cream
• Cheese 🧀
• Fresh coriander 🌿"
https://www.instagram.com/reel/DUN1ZoiCILT/,1,"But I’ll still prefer suji ka halwa>>>🤤🤤
.
Ingredients:
2 cup sugar
1/3 cup water
1/2 tsp elaichi
2 tbsp almonds
2 tbsp coconut
2 tbsp pistachios
————————
1/2 cup ghee
2 cup sooji
.
[suji ki tukdi, Suji ki tikyan, Suji ka halwa, Suji ka Karakoram halwa, Suji ka sakht halwa]
."
https://www.instagram.com/reel/DUN1ZoiCILT/,2,"Urdu Rap

#reels #reelsinstagram #pakistan #urdu #desi"
https://www.instagram.com/reel/DUN1ZoiCILT/,3,I get bonus point too because I didn’t verbally react either 🤭
https://www.instagram.com/reel/DUN1ZoiCILT/,4,"This generation sucks.
.
.
.
.
.
.
.
.
.
.
.
.
.
.
.
.
.
.
.
.
."
https://www.instagram.com/reel/DUN1ZoiCILT/,5,"because they’re never meant as compliments or virtues, but always to fit us in a box that is too small for our ambitions and capabilities >>>"
https://www.instagram.com/reel/DUN1ZoiCILT/,6,"I have created a monster 👹😭😭
.
.
."
https://www.instagram.com/reel/DUN1ZoiCILT/,7,Love marriage ke side effect🤣
https://www.instagram.com/reel/DUN1ZoiCILT/,8,"Girls in a relationship be like…
(Parellel universe)
.
.
.
.
.
.
.
(Relatable relationship memes funny memes food jokes starving funny reel girls mood swings fight in a relationship boy memes relatable text post explore reality check sigma green flags)"
https://www.instagram.com/reel/DUN1ZoiCILT/,9,Masha Allah♥️🥹
https://www.instagram.com/reel/DVGwmPxjI8O/,1,"Can’t say no to Singaporean rice🥰

.
[business, Singaporean rice, frozen food, frozen items, roll samosa, beef shami kabab, ramzan, ifatri, sehri, order]
."
https://www.instagram.com/reel/DVGwmPxjI8O/,2,"Fell in Lovee Mate ❤️
.
.
#funnyreels #comedyvideos #vinewali"
https://www.instagram.com/reel/DVGwmPxjI8O/,3,Albaik 🤤
https://www.instagram.com/reel/DVGwmPxjI8O/,4,"creamy strawberry sago with chewy sago pearls, strawberry pieces, fresh strawberry milk and a homemade pink coconut jelly! the most refreshing drink/dessert for summer <3

recipe is up on thelunchbreak.co/recipes or just comment ‘recipe’ and i’ll dm you the link 💕"
https://www.instagram.com/reel/DVGwmPxjI8O/,5,Fit check 💅🏻
https://www.instagram.com/reel/DVGwmPxjI8O/,6,"Respect goes both ways.

If she doesn’t like it, don’t do it,
If he doesn’t like it, don’t do it,
We often overcomplicate basic respect. 🤍

For every soul - Jesus forgives you. No matter what.🕊️

J + M 7x7x7"
https://www.instagram.com/reel/DVGwmPxjI8O/,7,"it’s not makeup ✨

#skin #skincare #skincareroutine #asmr #skingoals"
https://www.instagram.com/reel/DVGwmPxjI8O/,8,Whom are you with ?
https://www.instagram.com/reel/DVGwmPxjI8O/,9,Happy Father’s Day Papa 🌷🤍
https://www.instagram.com/reel/DVGwmPxjI8O/,10,"Crispy & Crunchy Chicken Cones🤍

.

.

.

.

.

(chicken cones, crispy chicken cones, chicken appetizer, party snack, fried chicken cones, easy chicken recipe, chicken starter, easy recipe)

.

."
https://www.instagram.com/reel/DVGwmPxjI8O/,11,"Some people pray for a love this gentle. If you have this, you’re already rich in love. 🤍🫶🏻✨

| love, couple, care, marriage, moments, kindness, bond, comfort, gratitude |"
https://www.instagram.com/reel/DVGwmPxjI8O/,12,W.A.S brother 👦
https://www.instagram.com/reel/DVGwmPxjI8O/,13,PoV- you’re getting mugged but you’re an English teacher
https://www.instagram.com/reel/DVGwmPxjI8O/,14,"Oh she was so mad in the end🤣🤣🤣🤣

#familyfun #familylove #familychallenge #viral #trending"
https://www.instagram.com/reel/DYFDCQVIjSF/,1,"Do you guys eat murabba??
Ingredients:
3 kg carry (Raw mango)
2½ glasses of water
Cook for 4-5 mins
4–5 cloves
10–11 saboot gol mirchy
1 pinch of yellow food color
1 tsp kalongi
3 cups sugar
½ tsp salt
2 pieces of cinnamon sticks
Cook for 5–10 minutes

[mango, aam ka murabba, murabba, aam, how to make aam ka murabba, aam ka murabba kesy banai, carry, raw mango]"
https://www.instagram.com/reel/DYFDCQVIjSF/,2,Albaik 🤤
https://www.instagram.com/reel/DYFDCQVIjSF/,3,"This stunning white jacket style outfit by @wearfreya is definitely the most elegant & perfect eid brunch look 🕊️✨ LOVED LOVED LOVED styling this one!

[ white outfit white desi outfit fit check jacket style outfit short jacket mirror reels desi outfit stylish fashion desi fit check eid outfit inspo ]"
https://www.instagram.com/reel/DYFDCQVIjSF/,4,"creamy strawberry sago with chewy sago pearls, strawberry pieces, fresh strawberry milk and a homemade pink coconut jelly! the most refreshing drink/dessert for summer <3

recipe is up on thelunchbreak.co/recipes or just comment ‘recipe’ and i’ll dm you the link 💕"
https://www.instagram.com/reel/DYFDCQVIjSF/,5,"back w a GRWM 🪽

grwm | desi grwm | makeup look"
https://www.instagram.com/reel/DYFDCQVIjSF/,6,😋🔥Japanese Long Fries #foryou #viral #trending #viralreels #foodie recipe in pin comment
https://www.instagram.com/reel/DYFDCQVIjSF/,7,"This smash burger turned out way too good not to share🍔🤌🏻You’ll be looking for this recipe later… might as well save it now🤤
#Smashburger #beefburger #fyp #trending"
https://www.instagram.com/reel/DYFDCQVIjSF/,8,"Pretty in pink 💕
Blue love 🦋
Dress by : @digo.fashions
Earrings by : @moonlitjewels30
Heels by :
.
.
."
https://www.instagram.com/reel/DYFDCQVIjSF/,9,"Veiny hands✨
.
.
.
.
.
.
.
.
.
."
https://www.instagram.com/reel/DYFDCQVIjSF/,10,"Lets make Lotus Cheesecake at home. Good thing is that k ye larke b bna skte because isme no baking is required.

All the ingredients used are mentioned in the video!
Let me know agr koi mistake thi!"
https://www.instagram.com/reel/DYFDCQVIjSF/,11,"I am obsessed 🫡

#glow #makeupgirl #explorepage #makeupgoals #fyp"
https://www.instagram.com/reel/DYFDCQVIjSF/,12,Seeing life through him now 🤍
https://www.instagram.com/reel/DYFDCQVIjSF/,13,PoV- you’re getting mugged but you’re an English teacher
https://www.instagram.com/reel/DYFDCQVIjSF/,14,Yar ye khtam kyu nahi hoty😭
https://www.instagram.com/reel/DYLtn-CINNS/,1,"The confession was the best partt😂
📍 @mizaajrestaurantofficial

3 days of classes, final lab, exams, fyp and phirrrrr khatammm💃💃

[Annual dinner, annual dinner 2026, batch 2022, farewell, farewell dinner, farewell 2026, mizaaj, Mizaaj Restaurant, dinner, Alfredo pasta, makhni handi, fish and chips, cake, Ned, Ned university, Ned university annual dinner, Ned university farewell, cake cutting]

🥂"
https://www.instagram.com/reel/DYLtn-CINNS/,2,"Same bloodline, Different blood💪🥹

#lizard #homemade #fypppppppppppppppppppppppppppppppppppppppppppppppppppppppppppppppppppppp"
https://www.instagram.com/reel/DYLtn-CINNS/,3,"Crispy & Crunchy Chicken Cones🤍

.

.

.

.

.

(chicken cones, crispy chicken cones, chicken appetizer, party snack, fried chicken cones, easy chicken recipe, chicken starter, easy recipe)

.

."
https://www.instagram.com/reel/DYLtn-CINNS/,4,"Just a girl falling in love with every Kayseria outfit 😭✨

| eid haul, eid inspo, shopping, kayseria fits, desi inspo, pakistani fashion, just a girl, eid shopping |"
https://www.instagram.com/reel/DYLtn-CINNS/,5,True lol
https://www.instagram.com/reel/DYLtn-CINNS/,6,And he broke my heart 💔🥀
https://www.instagram.com/reel/DYLtn-CINNS/,7,"THE WAIT IS FINALLY OVER , that’s how you welcome the queen 👸
PRINCESS CAME TO OUR FAMILY AFTER THE 3 GENERATION
🧿🪬
.
.
.
.
.
.
.
.
.
.
.
."
https://www.instagram.com/reel/DYLtn-CINNS/,8,"Obsessed with my girls and this color palette!
💜💚🩷💛🩵"
https://www.instagram.com/reel/DYLtn-CINNS/,9,summer hair?🤭🥰
https://www.instagram.com/reel/DYLtn-CINNS/,10,"Take notes everyone 😂🤓🤭

.
.



(Funny couple video | Couple content India | Indian couple creators | Cute couple moments | Relationship goals"
https://www.instagram.com/reel/DYLtn-CINNS/,11,"Fit check🩵
.
.
.
.
.
.
.
.
[reels, explore, explore more, go viral, trending, fit check, ootd, grwm, styling, Pakistani fashion, desi vibes, ethnic wear, desi wear, sialkot, desi Inspo outfit, summer outfit, outfit inspiration, outfit ideas, brown girls, outfit inspiration]"
