Reel_Number,Reel_URL,Likes,Comments_Count,Views,Share,Repost,Date,Time,Sound_Name,Is_Original_Sound
1,https://www.instagram.com/reel/DNKo_RTIG4e/,44K, 332,N/A,Hidden,Hidden,N/A,N/A,,No
2,https://www.instagram.com/reel/DEAQGXgolTr/,279, 4,N/A,Hidden,Hidden,N/A,N/A,,No
3,https://www.instagram.com/p/DEP6qhuoE8P/,N/A,N/A,N/A,Hidden,Hidden,2024-12-31,16:01:32,N/A,No
4,https://www.instagram.com/reel/DE7o_rBolMe/,252, 11,N/A,Hidden,Hidden,N/A,N/A,,No
5,https://www.instagram.com/reel/DFnAh5HImd3/,454, 15,N/A,Hidden,Hidden,N/A,N/A,,No
6,https://www.instagram.com/p/DG0HCu9ozKR/,,N/A,N/A,Hidden,Hidden,2025-03-05,10:25:08,N/A,No
7,https://www.instagram.com/reel/DHDplYQonBG/,468, 12,N/A,Hidden,Hidden,N/A,N/A,,No
8,https://www.instagram.com/reel/DHqT8e0IoCC/,662, 20,N/A,Hidden,Hidden,N/A,N/A,,No
9,https://www.instagram.com/reel/DIYpQU4IX0r/,430, 7,N/A,Hidden,Hidden,N/A,N/A,,No
10,https://www.instagram.com/reel/DJd-qqUIPFT/,3779, 47,N/A,Hidden,Hidden,N/A,N/A,,No
11,https://www.instagram.com/reel/DKtoCG6I4LT/,4913, 11,N/A,Hidden,Hidden,N/A,N/A,,No
12,https://www.instagram.com/reel/DLJ9-WbIUN_/,1390, 34,N/A,Hidden,Hidden,N/A,N/A,,No
13,https://www.instagram.com/reel/DLzTzT0oTrB/,449, 11,N/A,Hidden,Hidden,N/A,N/A,,No
14,https://www.instagram.com/reel/DMkMpagMMmW/,519, 13,N/A,Hidden,Hidden,N/A,N/A,,No
15,https://www.instagram.com/reel/DOQegflCBSx/,18K, 96,N/A,Hidden,Hidden,N/A,N/A,,No
16,https://www.instagram.com/reel/DP6YYJ2iLDi/,24K, 128,N/A,Hidden,Hidden,N/A,N/A,,No
17,https://www.instagram.com/reel/DSzwhp_CBJQ/,314, 29,N/A,Hidden,Hidden,N/A,N/A,,No
18,https://www.instagram.com/reel/DUN1ZoiCILT/,4267, 43,N/A,Hidden,Hidden,N/A,N/A,,No
19,https://www.instagram.com/reel/DVGwmPxjI8O/,3623, 29,N/A,Hidden,Hidden,N/A,N/A,,No
20,https://www.instagram.com/reel/DYFDCQVIjSF/,K,N/A,N/A,Hidden,Hidden,N/A,N/A,,No
21,https://www.instagram.com/reel/DYLtn-CINNS/,2760, 47,N/A,Hidden,Hidden,N/A,N/A,,No
